,Category,Conversion Rate
7,What is your current occupation,0.48703235936526873
3,Last Activity,0.4784053444549886
8,Lead Profile,0.4783040732446883
11,Last Notable Activity,0.4764770808737179
1,Lead Source,0.44328499528948623
0,Lead Origin,0.43662456904941893
5,Specialization,0.3981929698328417
2,Do Not Email,0.3909928832036769
9,City,0.38366755996542323
4,Country,0.3826825575561128
6,How did you hear about X Education,0.3812038418669664
10,A free copy of Mastering The Interview,0.3794444988795367
